Workbook

Sheet 1. Cover Page
K4: Ngày bắt đầu | L4: 46305
K5: Nhóm thực hiện | L5: Trần Đăng Khoa, Lưu Văn Hưng, Nguyễn Gia Huy
K6: Đề tài | L6: Hệ thống web quản lý phòng học và thiết bị, hỗ trợ đăng ký và duyệt nhiều cấp
K7: Phiên bản | L7: 1.1
K8: Học phần | L8: Chuyên đề tốt nghiệp 2
K11: LỊCH SỬ PHIÊN BẢN
K12: Phiên bản | L12: Ngày | M12: Người thực hiện | N12: Nội dung | O12: Ghi chú
K13: 1.0 | L13: 46305 | M13: Trần Đăng Khoa, Lưu Văn Hưng, Nguyễn Gia Huy | N13: Tạo Product Backlog dựa trên SRS Buổi 2 | O13: Ưu tiên theo MoSCoW
A14: PRODUCT BACKLOG V 1.1 | K14: 1.1 | L14: 46311 | M14: Trần Đăng Khoa, Lưu Văn Hưng, Nguyễn Gia Huy | N14: Đồng bộ số sprint ở cột Ghi chú và tiêu chí chấp nhận PB-09, PB-12 với SRS v1.1 | O14: Theo SRS v1.1
K45: LỊCH SỬ PHÊ DUYỆT
K46: Ngày | L46: Người duyệt | M46: Mô tả | N46: Trạng thái | O46: Ghi chú
M47: Chưa có phê duyệt | N47: Chờ duyệt

Sheet 2. Product Backlog
A1: PRODUCT BACKLOG
A2: Mã Backlog | B2: Mã chức năng | C2: Actor | D2: Epic | E2: Hạng mục Backlog | F2: User Story | G2: Loại | H2: Story Points | I2: Giờ dự kiến | J2: Ưu tiên (MoSCoW) | K2: Sprint # | L2: Tiêu chí chấp nhận | M2: Ghi chú | N2: Trạng thái
A3: PB-01 | B3: FR-01 | C3: Tất cả người dùng | D3: Quản trị hệ thống | E3: Đăng nhập / đăng xuất | F3: Là người dùng, tôi muốn đăng nhập và đăng xuất khỏi hệ thống để truy cập các chức năng đúng với tài khoản của mình. | G3: Chức năng | H3: 2 | I3: 4 | J3: Must | K3: Sprint 2 | L3: AC1: Đăng nhập thành công khi thông tin hợp lệ. AC2: Sai thông tin đăng nhập phải hiển thị lỗi. AC3: Sau khi đăng xuất, người dùng không truy cập được chức năng yêu cầu xác thực. | M3: Core – Sprint 2 | N3: Chưa thực hiện
A4: PB-02 | B4: FR-02 | C4: Quản trị viên / Hệ thống | D4: Quản trị hệ thống | E4: Phân quyền theo vai trò | F4: Là quản trị viên, tôi muốn gán vai trò cho tài khoản để mỗi người chỉ sử dụng đúng chức năng được phép. | G4: Chức năng | H4: 3 | I4: 6 | J4: Must | K4: Sprint 2 | L4: AC1: Mỗi vai trò chỉ thấy và dùng được chức năng được cấp quyền. AC2: Gọi API trái quyền phải bị từ chối. AC3: Thay đổi vai trò có hiệu lực sau khi lưu. | M4: Core – Sprint 2 | N4: Chưa thực hiện
A5: PB-03 | B5: FR-03 | C5: Nhân viên cơ sở vật chất | D5: Danh mục tài nguyên | E5: Quản lý phòng | F5: Là nhân viên cơ sở vật chất, tôi muốn quản lý danh sách phòng để dữ liệu tra cứu luôn chính xác. | G5: Chức năng | H5: 5 | I5: 10 | J5: Must | K5: Sprint 2 | L5: AC1: Có thể thêm, sửa, tìm kiếm phòng theo mã/tòa/sức chứa/loại/trạng thái. AC2: Không cho phép trùng mã phòng. AC3: Phòng ngừng hoạt động không được hiển thị là tài nguyên khả dụng. | M5: Core – Sprint 2 | N5: Chưa thực hiện
A6: PB-04 | B6: FR-04 | C6: Nhân viên cơ sở vật chất | D6: Danh mục tài nguyên | E6: Quản lý thiết bị | F6: Là nhân viên cơ sở vật chất, tôi muốn quản lý thiết bị theo từng phòng để biết tình trạng và khả năng sử dụng của thiết bị. | G6: Chức năng | H6: 5 | I6: 10 | J6: Must | K6: Sprint 2 | L6: AC1: Có thể thêm, sửa và xem thiết bị theo phòng. AC2: Thiết bị có trạng thái tối thiểu: tốt, hỏng, đang sửa. AC3: Thiết bị không khả dụng không được chọn cho yêu cầu mới. | M6: Core – Sprint 2 | N6: Chưa thực hiện
A7: PB-05 | B7: FR-05 | C7: Nhân viên cơ sở vật chất / Người dùng | D7: Danh mục tài nguyên | E7: Sinh và quét mã QR | F7: Là người dùng, tôi muốn quét mã QR của phòng hoặc thiết bị để mở nhanh thông tin tương ứng. | G7: Chức năng | H7: 3 | I7: 6 | J7: Should | K7: Sprint 5 (Stretch) | L7: AC1: Mỗi phòng/thiết bị có mã QR duy nhất. AC2: Quét QR mở đúng trang thông tin của tài nguyên. AC3: QR của tài nguyên ngừng hoạt động vẫn hiển thị đúng trạng thái. | M7: Sau khi hoàn thành core | N7: Chưa thực hiện
A8: PB-06 | B8: FR-06 | C8: Người đăng ký | D8: Đăng ký phòng | E8: Tra cứu phòng trống | F8: Là người đăng ký, tôi muốn tìm phòng trống theo ngày, giờ, sức chứa và thiết bị để chọn được phòng phù hợp. | G8: Chức năng | H8: 5 | I8: 10 | J8: Must | K8: Sprint 2 | L8: AC1: Lọc được theo ngày, khung giờ, sức chứa và thiết bị cần có. AC2: Phòng có lịch đã duyệt bị trùng không được hiển thị là khả dụng. AC3: Trang tra cứu phản hồi trong ngưỡng hiệu năng đã đặt. | M8: Core – Sprint 2 | N8: Chưa thực hiện
A9: PB-07 | B9: FR-07 | C9: Người đăng ký | D9: Đăng ký phòng | E9: Tạo và gửi yêu cầu đăng ký | F9: Là người đăng ký, tôi muốn gửi yêu cầu sử dụng phòng kèm thiết bị để không phải thực hiện bằng phiếu giấy. | G9: Chức năng | H9: 5 | I9: 10 | J9: Must | K9: Sprint 2 | L9: AC1: Nhập được mục đích, thời gian, số người, đơn vị và thiết bị cần dùng. AC2: Thiếu trường bắt buộc thì không cho gửi. AC3: Dữ liệu hợp lệ được lưu và tạo yêu cầu thành công. | M9: Core – Sprint 2 | N9: Chưa thực hiện
A10: PB-08 | B10: FR-08 | C10: Hệ thống | D10: Đăng ký phòng | E10: Kiểm tra trùng lịch | F10: Là người đăng ký, tôi muốn hệ thống cảnh báo khi thời gian chọn bị trùng để có thể đổi phòng hoặc khung giờ. | G10: Chức năng | H10: 8 | I10: 16 | J10: Must | K10: Sprint 2 | L10: AC1: Phát hiện các khoảng thời gian giao nhau trên cùng một phòng. AC2: Hai yêu cầu đồng thời cùng phòng/cùng giờ không thể cùng được xác nhận. AC3: Kiểm tra trùng lịch đáp ứng ngưỡng hiệu năng của SRS. | M10: Core – Sprint 2 | N10: Chưa thực hiện
A11: PB-09 | B11: FR-09 | C11: Người đăng ký | D11: Đăng ký phòng | E11: Chỉnh sửa / hủy yêu cầu | F11: Là người đăng ký, tôi muốn chỉnh sửa hoặc hủy yêu cầu khi kế hoạch thay đổi để thông tin luôn đúng. | G11: Chức năng | H11: 3 | I11: 6 | J11: Must | K11: Sprint 3 | L11: AC1: Yêu cầu còn ở trạng thái nháp được phép chỉnh sửa. AC2: Sau khi gửi, người đăng ký chỉ hủy được khi yêu cầu chưa được duyệt xong. AC3: Mọi thao tác sửa, hủy đều được ghi nhật ký. | M11: Core – Sprint 3 | N11: Chưa thực hiện
A12: PB-10 | B12: FR-10 | C12: Người đăng ký | D12: Đăng ký phòng | E12: Theo dõi trạng thái yêu cầu | F12: Là người đăng ký, tôi muốn biết yêu cầu của mình đang ở bước xử lý nào để chủ động theo dõi. | G12: Chức năng | H12: 3 | I12: 6 | J12: Must | K12: Sprint 3 | L12: AC1: Hiển thị trạng thái hiện tại của từng yêu cầu. AC2: Hiển thị bước/cấp đang xử lý. AC3: Trạng thái được cập nhật sau mỗi hành động duyệt hoặc từ chối. | M12: Core – Sprint 3 | N12: Chưa thực hiện
A13: PB-11 | B13: FR-11 | C13: Tất cả người dùng | D13: Đăng ký phòng | E13: Xem lịch sử sử dụng phòng | F13: Là người dùng, tôi muốn xem lịch sử sử dụng phòng theo ngày hoặc tuần để biết các khung giờ đã được duyệt. | G13: Chức năng | H13: 3 | I13: 6 | J13: Could | K13: Mở rộng | L13: AC1: Xem được lịch đã duyệt theo ngày/tuần. AC2: Thông tin hiển thị đúng phòng, thời gian và trạng thái. AC3: Có thể chuyển ngày/tuần để tra cứu. | M13: Nếu còn thời gian | N13: Chưa thực hiện
A14: PB-12 | B14: FR-12 | C14: Hệ thống / Quản trị viên | D14: Duyệt yêu cầu | E14: Xác định chuỗi duyệt | F14: Là quản trị viên, tôi muốn quy trình xử lý áp dụng các quy tắc đã cấu hình để yêu cầu được chuyển đến đúng đơn vị xử lý. | G14: Chức năng | H14: 8 | I14: 16 | J14: Must | K14: Sprint 3 | L14: AC1: Hệ thống xác định bước xác nhận và đơn vị xử lý theo quy tắc BR-03 đến BR-06 trong SRS. AC2: Sau khi một bước được duyệt, yêu cầu chuyển đúng bước tiếp theo. AC3: Hoạt động từ 200 sinh viên trở lên phải có phê duyệt của Ban Giám hiệu trước khi hoàn tất. | M14: Core – Sprint 3 | N14: Chưa thực hiện
... A24: PB-22 | B24: FR-22 | C24: Quản trị viên | D24: Báo cáo & truy vết | E24: Báo cáo thống kê | F24: Là quản trị viên, tôi muốn xem thống kê sử dụng phòng và tình trạng thiết bị để theo dõi mức độ sử dụng tài nguyên. | G24: Chức năng | H24: 5 | I24: 10 | J24: Could | K24: Mở rộng | L24: AC1: Thống kê được tần suất sử dụng phòng. AC2: Thống kê số yêu cầu theo trạng thái. AC3: Thống kê được số thiết bị hỏng theo khoảng thời gian. | M24: Nếu còn thời gian | N24: Chưa thực hiện
A27: Ưu tiên | B27: Số PBI | C27: Story Points | D27: Giờ dự kiến | F27: Sprint | G27: Số PBI | H27: Story Points | I27: Giờ dự kiến
A28: Must | B28: =COUNTIF($J$3:$J$24,A28) -> 11 | C28: =SUMIF($J$3:$J$24,A28,$H$3:$H$24) -> 52 | D28: =SUMIF($J$3:$J$24,A28,$I$3:$I$24) -> 104 | F28: Sprint 2 | G28: =COUNTIF($K$3:$K$24,F28&"*") -> 7 | H28: =SUMIF($K$3:$K$24,F28&"*",$H$3:$H$24) -> 33 | I28: =SUMIF($K$3:$K$24,F28&"*",$I$3:$I$24) -> 66
A29: Should | B29: =COUNTIF($J$3:$J$24,A29) -> 7 | C29: =SUMIF($J$3:$J$24,A29,$H$3:$H$24) -> 25 | D29: =SUMIF($J$3:$J$24,A29,$I$3:$I$24) -> 50 | F29: Sprint 3 | G29: =COUNTIF($K$3:$K$24,F29&"*") -> 4 | H29: =SUMIF($K$3:$K$24,F29&"*",$H$3:$H$24) -> 19 | I29: =SUMIF($K$3:$K$24,F29&"*",$I$3:$I$24) -> 38
A30: Could | B30: =COUNTIF($J$3:$J$24,A30) -> 4 | C30: =SUMIF($J$3:$J$24,A30,$H$3:$H$24) -> 21 | D30: =SUMIF($J$3:$J$24,A30,$I$3:$I$24) -> 42 | F30: Sprint 4 | G30: =COUNTIF($K$3:$K$24,F30&"*") -> 2 | H30: =SUMIF($K$3:$K$24,F30&"*",$H$3:$H$24) -> 6 | I30: =SUMIF($K$3:$K$24,F30&"*",$I$3:$I$24) -> 12
A31: Tổng | B31: =SUM(B28:B30) -> 22 | C31: =SUM(C28:C30) -> 98 | D31: =SUM(D28:D30) -> 196 | F31: Sprint 5 | G31: =COUNTIF($K$3:$K$24,F31&"*") -> 5 | H31: =SUMIF($K$3:$K$24,F31&"*",$H$3:$H$24) -> 19 | I31: =SUMIF($K$3:$K$24,F31&"*",$I$3:$I$24) -> 38
F32: Stretch/Mở rộng | G32: =COUNTIF($K$3:$K$24,"*Stretch*")+COUNTIF($K$3:$K$24,"Mở rộng") -> 7 | H32: =SUMIF($K$3:$K$24,"*Stretch*",$H$3:$H$24)+SUMIF($K$3:$K$24,"Mở rộng",$H$3:$H$24) -> 32 | I32: =SUMIF($K$3:$K$24,"*Stretch*",$I$3:$I$24)+SUMIF($K$3:$K$24,"Mở rộng",$I$3:$I$24) -> 64

Sheet 3. Tổng quan
A1: TỔNG HỢP KẾ HOẠCH DỰ ÁN - BUỔI 3
A3: Chỉ số | B3: Giá trị | D3: Ưu tiên | E3: Số PBI | G3: Sprint | H3: Mục tiêu chính
A4: Tổng Product Backlog Item | B4: =COUNTA('2. Product Backlog'!$A$3:$A$24) -> 22 | D4: Must | E4: =COUNTIF('2. Product Backlog'!$J$3:$J$24,D4) -> 11 | G4: Sprint 0 (Buổi 1-3) | H4: SRS + Product Backlog + kế hoạch
A5: Must-have | B5: =COUNTIF('2. Product Backlog'!$J$3:$J$24,"Must") -> 11 | D5: Should | E5: =COUNTIF('2. Product Backlog'!$J$3:$J$24,D5) -> 7 | G5: Sprint 1 (Buổi 4-5) | H5: Kiến trúc + ERD + API + Wireframe
A6: Should-have | B6: =COUNTIF('2. Product Backlog'!$J$3:$J$24,"Should") -> 7 | D6: Could | E6: =COUNTIF('2. Product Backlog'!$J$3:$J$24,D6) -> 4 | G6: Sprint 2 (Buổi 6) | H6: Auth + tài nguyên + đăng ký + conflict
A7: Could-have | B7: =COUNTIF('2. Product Backlog'!$J$3:$J$24,"Could") -> 4 | G7: Sprint 3 (Buổi 7) | H7: Workflow duyệt + theo dõi trạng thái
A8: Tổng Story Points | B8: =SUM('2. Product Backlog'!$H$3:$H$24) -> 98 | G8: Sprint 4 (Buổi 8) | H8: Kiểm thử + fix bug + hoàn thiện Should
G9: Sprint 5 (Buổi 9-10) | H9: Deploy + báo cáo + demo

Sheet 4. Ánh xạ NFR
A1: ÁNH XẠ YÊU CẦU PHI CHỨC NĂNG (NFR) VÀ PRODUCT BACKLOG
A3: Mã NFR | B3: Yêu cầu | C3: PBI liên quan | D3: Áp dụng trong backlog | E3: Cách kiểm chứng
A4: NFR-01 | B4: Không có hai lượt đặt đã duyệt chồng giờ trên cùng một phòng. | C4: PB-06, PB-08, PB-13 | D4: Tra cứu khả dụng, kiểm tra xung đột và bước duyệt cuối. | E4: Gửi đồng thời hai yêu cầu cùng phòng/cùng giờ; chỉ một yêu cầu được xác nhận.
A5: NFR-02 | B5: Kiểm tra trùng lịch không quá 1 giây với 1.000 lượt đặt. | C5: PB-08 | D5: Acceptance Criteria của chức năng kiểm tra trùng lịch. | E5: Đo thời gian phản hồi API với dữ liệu kiểm thử.
A6: NFR-03 | B6: Trang tra cứu phòng trống tải không quá 3 giây. | C6: PB-06 | D6: Acceptance Criteria của tra cứu phòng. | E6: Đo bằng công cụ trình duyệt.
A7: NFR-04 | B7: API nhạy cảm phải kiểm tra quyền; mật khẩu không lưu plaintext. | C7: PB-01, PB-02, PB-13, PB-16, PB-18 | D7: Auth, RBAC và các chức năng xử lý nhạy cảm. | E7: Gọi API trái quyền phải bị từ chối; kiểm tra dữ liệu lưu trữ.
A8: NFR-05 | B8: Ít nhất 80% người dùng thử gửi yêu cầu trong ≤ 2 phút và không quá 5 bước chính. | C8: PB-06, PB-07 | D8: Luồng tra cứu và gửi yêu cầu. | E8: Cho ít nhất 5 người ngoài nhóm dùng thử.
A9: NFR-06 | B9: Hệ thống chạy trên Chrome/Edge và giao diện hỗ trợ màn hình từ 375px. | C9: PB-03, PB-04, PB-05, PB-06, PB-07, PB-10, PB-11 | D9: Các màn hình quản lý, tra cứu và theo dõi. | E9: Kiểm thử thủ công trên trình duyệt/màn hình mục tiêu.
A10: NFR-07 | B10: 100% thao tác duyệt, sửa, hủy phải được ghi nhật ký. | C10: PB-09, PB-12, PB-13, PB-16, PB-17, PB-19, PB-20, PB-21 | D10: Audit trail cho các thao tác thay đổi dữ liệu/nghiệp vụ. | E10: Đối chiếu nhật ký với thao tác kiểm thử.

Sheet 5. Kế hoạch Sprint
A1: KẾ HOẠCH SPRINT - AGILE/SCRUM RÚT GỌN
A3: Sprint | B3: Buổi | C3: Mục tiêu | D3: PBI / Công việc | E3: Công việc chính | F3: Kết quả bàn giao | G3: Demo / Definition of Done
A4: Sprint 0 | B4: Buổi 1-3 | C4: Phân tích yêu cầu và lập kế hoạch | D4: SRS, Product Backlog, MoSCoW, Sprint Plan | E4: Hoàn thiện SRS; chuyển FR thành PBI; ưu tiên backlog; thống nhất phạm vi. | F4: SRS + Product Backlog + Kế hoạch Sprint | G4: Backlog bám SRS, có MoSCoW và sẵn sàng cho thiết kế.
A5: Sprint 1 | B5: Buổi 4-5 | C5: Thiết kế hệ thống | D5: Thiết kế cho PB-01 → PB-13 (core) | E5: Thiết kế kiến trúc React/Node.js/PostgreSQL; ERD; API contract; wireframe; workflow. | F5: Architecture + ERD + API Contract + Wireframe | G5: Thiết kế đủ chi tiết để bắt đầu code ở Buổi 6.
A6: Sprint 2 | B6: Buổi 6 | C6: Xây dựng nền tảng và luồng đăng ký | D6: PB-01, PB-02, PB-03, PB-04, PB-06, PB-07, PB-08 | E6: Auth/RBAC; quản lý phòng & thiết bị; tra cứu phòng; tạo request; conflict checking. | F6: Module đăng nhập + tài nguyên + đăng ký hoạt động | G6: Demo: đăng nhập → tra cứu → tạo yêu cầu → phát hiện trùng lịch → gửi thành công.
A7: Sprint 3 | B7: Buổi 7 | C7: Hoàn thành workflow xử lý yêu cầu | D7: PB-09, PB-10, PB-12, PB-13 | E7: Chỉnh sửa/hủy theo trạng thái; theo dõi trạng thái; routing workflow; duyệt/từ chối. | F7: Luồng nghiệp vụ core end-to-end | G7: Demo: gửi yêu cầu → chuyển đúng bước → duyệt/từ chối → người đăng ký theo dõi trạng thái.
A8: Sprint 4 | B8: Buổi 8 | C8: Kiểm thử và hoàn thiện | D8: PB-14, PB-21 + NFR-01 → NFR-07 | E8: Unit/Integration/API/E2E test; fix bug; thông báo in-app; audit log; kiểm tra NFR. | F8: Kết quả kiểm thử + core ổn định | G8: Các test core pass; phân quyền, conflict và audit hoạt động đúng.
A9: Sprint 5 | B9: Buổi 9-10 | C9: Triển khai và hoàn thiện sản phẩm | D9: PB-15, PB-17; Stretch: PB-05, PB-18, PB-19 | E9: Xuất PDF; bàn giao/nhận trả nếu đủ capacity; deploy Docker; seed demo data; hoàn thiện báo cáo. | F9: Sản phẩm deploy + báo cáo + kịch bản demo | G9: Demo hệ thống trên môi trường deploy; core flow ổn định. Stretch chỉ làm khi core hoàn tất.
A10: Mở rộng | B10: Sau core / nếu còn thời gian | C10: Các chức năng không cam kết | D10: PB-11, PB-16, PB-20, PB-22 | E10: Calendar nâng cao; UI cấu hình rule; maintenance; dashboard thống kê. | F10: Không bắt buộc trong MVP | G10: Chỉ triển khai khi toàn bộ Must và Should ưu tiên đã hoàn thành.

Sheet 6. Phân vai trò
A1: BẢNG PHÂN VAI TRÒ KỸ THUẬT
A3: Thành viên | B3: Vai trò chính | C3: Vai trò phụ | D3: PBI/Sprint phụ trách | E3: Trách nhiệm | F3: Trạng thái
A4: Trần Đăng Khoa | B4: Chưa phân công | F4: Cần nhóm xác nhận
A5: Lưu Văn Hưng | B5: Chưa phân công | F5: Cần nhóm xác nhận
A6: Nguyễn Gia Huy | B6: Chưa phân công | F6: Cần nhóm xác nhận
